population,n,extent,integr,year.min,year.max,temp.interval,lon,lat,gls.mean,gls.var,cb.mean,cb.var,nas.mean,nas.var,bbc.mean,bbc.var,zb.mean,zb.var,ic.mean,ic.var,lbasi.mean,lbasi.var,can.mean,can.var,pl.mean,pl.var,max.mean,max.var,sm.mean,sm.var,mad.mean,mad.var,alpcor.mean,alpcor.var,bioclim,brt,domain,glm,mahal,maxent,rf,distance
Acauã,1,NA,NA,1996,1996,0,-42.766667,-17.133333,-0.0184405546983939,NA,-0.161787037613273,NA,0.00398920874098785,NA,0.232438186962932,NA,0.159378729869225,NA,-0.277028978534324,NA,0.0849209383525178,NA,0.150574905312836,NA,-0.107473016957606,NA,0.143811722717127,NA,0.246676478545237,NA,0.221360007902117,NA,0.678466333060758,NA,0.0824742248751606,1,0.8147369157291021,0.9418058455114823,0.9019411459423046,0.9312149467449796,1,234429.47305942903
Águia Branca,17,11.40684006853634,2.496143433749832,2006,2006,0,-40.7861111111111,-18.8747222222222,0.06417819281282595,0.3984715638865845,0.18296134239650105,0.2929247492531539,0.2593844616778336,0.340134668186035,0.06154504953865322,0.05774143728669395,-0.07240360974657292,0.07685521737766422,-0.014487636309152752,0.12197583492419074,-0.05415118869624869,0.045838348183116696,-0.02199214626715869,0.03223836912127632,0.3069302484145637,0.22364809626395035,0.3637619974696605,0.13179465850862374,0.20392721931462782,0.1038273422676595,0.30545859706558115,0.1206702606746491,-0.12661247605260348,0.11339013719390463,0.39862542765491993,0.9997996271217975,0.9621376001981405,0.8019311064718162,0.9673699603799895,0.7328054521176841,1,93796.7817972637
Aracruz,1,NA,NA,1992,1993,1,-40.16667,-19.83333,0.08794502757823586,0.040471216823500814,0.1474868955907384,0.005786875667626178,0.486808740572325,NA,-0.12397165580559401,0.031407692899840495,-0.05161042201709165,4.254970417120936e-8,-0.06176783956845105,0.04394136343948203,-0.08993605216878602,0.09979793068946062,0.026279566044722494,0.061571584678542464,-0.0483410450896535,NA,0.25703647100352983,0.06354850177609313,0.3506073445397665,0.02779370625866218,0.1862916037183897,0.052217087283771606,0.16019353246212553,0.6713760031454632,0.18556700819660446,0.9997996271217975,0.9297955600649891,0.8639091858037578,0.9852799389324574,0.9155688949978066,1,0
Belo Horizonte,7,9.875670547356142,2.9052378456382337,1997,2000,3,-43.991832,-20.014785,-0.22070914547284345,0.30824656676738243,-0.2545596999461768,0.2489684930162257,0.08486781331604433,0.18405935168991694,0.5808489149999919,0.07831515404074726,0.14842774209351778,0.07017039006281481,-0.07361723125057157,0.035460790184534706,0.2975400234871557,0.014961052739503876,-0.1001880653061548,0.0282696213762783,-0.4756546486837925,0.19974657511791818,-0.1884062022349582,0.15595300015727712,-0.1439458608694896,0.09017488787941137,-0.09280309384392908,0.31996204906538467,0.3474224262735302,0.16245219211833986,0.1443298946452776,0.9996994406826962,0.8094914442884108,0.8650835073068894,0.9748123141455347,0.525893236766708,1,308784.2160311556
Bocaiúva,1,NA,NA,2003,2003,0,-43.907,-17.392306,-0.480989332889912,NA,-0.426174187406851,NA,0.281563702356646,NA,0.299320712833628,NA,0.221666253615222,NA,-0.410764092087713,NA,-0.00567590419420938,NA,-0.239218195521037,NA,-0.0660256088026578,NA,-0.174614984285123,NA,0.106281172870704,NA,-0.36864053097619,NA,0.46219903294017,NA,0.030927835441931784,1,0.8073619026337797,0.5989039665970772,0.9273480332959291,0.6370166904332187,1,164226.91039436363
Boracéia,4,9.532209119427902,4.408734814005115,1994,2001,7,-45.9,-23.65,0.1767616610489497,0.18811967718542538,0.003284603411954412,0.19093367902567063,0.195600146938669,0.06711787104567714,0.3771234932301401,0.10695105736572219,-0.012563420563708658,0.03960942921430273,-0.05503658497401154,0.17187090103435154,0.1411375663804392,0.04461754925397918,0.13908639016069096,0.017960089137513586,0.3138962229949742,0.1848401125313479,-0.1343847138975314,0.21790693889155774,0.011630251585533411,0.059858600947010086,-0.1337795154419232,0.1676731858237536,-0.459179711015899,0.0510276787067012,NA,NA,NA,NA,NA,NA,NA,13049.212039941134
Brigadeiro,3,3.481638347673163,0.5030536429323945,1992,1992,0,-42.483333,-20.716667,0.7048176150662571,0.125611011837807,0.4074893526161297,0.06177519785259189,0.8434132713035273,0.2539026293651441,0.5524790036476587,0.00914161545191818,-0.18240804963772572,0.015834842173990626,-0.18707657788357637,0.03135366054415044,0.381814037752943,0.007052065444445053,-0.06420999589650181,0.012306969276383911,0.36123649965486127,0.1631010877111042,0.46922542685118235,0.09836048932822088,0.35151664527220133,0.0025068510950442754,0.284258671323947,0.0830165112673559,0.315457459851271,0.004974030992409873,0.12371134176772713,1,0.7783525842142777,0.9853862212943633,0.9825529841062376,0.9744983058616048,1,149175.73136006872
Calçado,3,8.384403923931897,3.217492187826034,2012,2012,0,-41.67083,-20.95806,-0.03925750179198141,0.14531898649004688,-0.010685937996520005,0.10376641521150805,-0.12158828056352171,0.2645152434431997,0.08613681747737265,0.015127711942135936,-0.00883935383885266,0.022021146683351155,-0.04448928945514127,0.018920415568494112,0.011605768946235495,0.04273859603104513,0.010439607666156779,0.016094652192169188,-0.41658625767177027,0.5112636820928256,-0.08504497778261369,0.14716979653085474,-0.06991563019453226,0.0854411433295919,0.11413086251327108,0.10151581352347791,0.45493855798410143,0.14627310934356122,0.40721648253673903,0.9966940615179212,0.9934392056089764,0.5204853862212944,1,0.5139309680649329,1,68166.76210073392
Caparaó,3,6.438214765435833,1.8441719984476102,NA,NA,NA,-41.7316666666667,-20.3963888888889,0.05698540212394562,0.4119449545682505,-0.1380232984057309,0.21788227455643444,-0.04224071491065932,0.25979036163100566,0.1874159052356508,0.027468637821254877,0.10290381591098285,0.07516182559478089,0.188560960814869,0.12173653286201508,-0.11106580634358924,0.035049073366843556,-0.07771910177865515,0.009767996254275314,0.03942472922687475,0.07833980933005895,0.15506349834354488,0.003591511390824444,0.18311688731379444,0.030221757619235748,-0.11182286023597496,0.24054961584167478,-0.15732461076156937,0.23439121334651947,0.10309277775271106,0.9995992848162039,0.76823065692193,0.9718162839248434,0.9257597874326104,0.9643279951724262,1,112256.71269865253
Caraça,6,15.73369709426751,10.720225576220564,1980,2006,26,-43.483333,-19.966667,-0.21218188605814603,0.7891116093898783,-0.2668882945130538,0.8741405690015911,-0.25773296918793653,0.7051985448398786,0.27136572048782365,0.04855392056862947,0.12854416250481882,0.1864688677325471,0.19493832258493188,0.06026463524885007,0.012056757367815361,0.02717173842581723,0.07477959186174354,0.031972029112578626,-0.273236911690411,0.42520746388320646,-0.05248370586567866,0.2481599259509207,-0.15679535894549704,0.10505599230536752,0.1030699533476085,0.2825051109891387,0.3450029271241483,0.0908415397425607,0.25429553338089117,0.9994990983771026,0.9259496102085178,0.7727905358385525,0.9700842004453125,0.5824425308427441,1,282608.51076114975
Caratinga,2,9.570621047500586,7.0459067103739415,1985,1993,8,-42.139167,-19.789722,-0.144839704460793,0.1700823344687888,0.061476198578875596,0.022047677801572692,-0.10900340571239199,0.09717767353958819,0.172042355198816,0.14719832208729058,-0.08621610739200733,0.010579173000325534,-0.35371306467152136,0.10407472339089803,0.08207900794160493,0.01890110809592488,-0.0837693394090986,0.04465375187009227,0.09789492654565449,0.31698291295194947,-0.15096675426951117,0.26109375628024284,-0.35400326157353745,0.07774098457765671,0.22209833596740233,0.03421882139408374,0.38467390017941766,0.10361043894493627,0.10309278109395074,0.5033059448115642,0.9419511985020768,0.4823851774530271,0.95653067273086545,0.42496623417938295,0.5005,185882.10691770463
Catas Altas,5,16.843148688591445,8.716443116214737,2001,2015,14,-43.468291,-20.158518,-0.47531773609290734,0.4139326890916725,-0.6529465601323122,0.6620896311418,-0.18331157127182537,0.4478240770852819,0.3846235204299508,0.039646225166920734,0.35488336690605804,0.16968214257733713,0.029118404944324206,0.08265385086463911,0.11616054858463154,0.06492211441068026,-0.0886996747785775,0.0546399322795518,-0.31043685182871145,0.5315200842910295,-0.3182282929402348,0.16987832656484653,-0.137547850875824,0.11943152521047433,-0.33802832322841375,0.1026364443782768,0.21547256698855727,0.22054255226488637,NA,NA,NA,NA,NA,NA,NA,267105.8047437952
Chapada Diamantina,9,7.2292226356890605,0.7787223862838409,2002,2002,0,-41.3608056,-12.5729722,-0.39037232583504,0.2061328387409572,-0.5523686033875506,0.06474426215935049,-0.25622974804778537,0.5337917386089378,0.018844620323089534,0.058789987632836806,0.2677913247622262,0.021698247371759592,-0.37345232504251635,0.10336363597279451,-0.03699360742259425,0.06207712532622979,0.13310363926728713,0.023924715100636117,-0.44406236996908616,0.052133333364857405,-0.4993331703653728,0.1078191980520424,-0.13338255114406228,0.0911431842376032,-0.03727716093998276,0.05370848873946531,-0.161231173260476,0.06073132294470175,0.3865979330004282,1,0.9753081261244567,0.9912578288100209,0.9417037814704794,0.9578041347595645,1,5774.844067223596
Cipó,4,11.781384676976488,4.776803204656599,1992,2002,10,-43.6185,-19.349,0.4446926481698325,0.7311467047125443,0.054736814839421014,0.3243282804456979,0.5976803141371743,1.1540466109508625,0.360978674696442,0.12820768747871747,-0.05174205381095286,0.07690923333032555,-0.2276117072701828,0.06316838187124553,0.10313671713217185,0.003628839762070259,0.013824284175966171,0.00803176409949293,-0.017987650230655503,0.11244700723533908,-0.12596946999272943,0.09285473675524009,-0.39398451359312947,0.0059314337575279335,0.2380628652478133,0.04668429550594666,0.45183691844553425,0.6482590538965691,0.12371134176772713,0.9993989425106102,0.8300367183757803,0.5618475991649269,0.9247045093197189,0.44779347133466535,1,333658.46859695716
Córrego do Veado,20,8.109396907793178,0.8354223452422839,2008,2015,7,-40.2133,-18.3703,0.3222688407831828,0.2611216137513056,0.49813196539116406,0.32042142674891116,0.580838141807412,0.2090586533794575,-0.07397227433129433,0.08850447643054454,-0.23274820330144744,0.08277388689986989,0.06518878680157283,0.08069489985343883,0.043218309866155186,0.039302635670238666,0.05188301057413068,0.026897885145578285,0.2128723108465689,0.2220174234928704,0.3581096682529794,0.15692335843459967,0.22947651791251533,0.06416640905186134,0.41099912382468323,0.2557365327372357,0.07426893355374561,0.15883204293728392,0.06701030826794127,0.9072998144751631,0.9082513702400395,0.6457898399443285,0.9645290429111372,0.6213938977711873,0.9986000061035156,52760.40635595737
Diamantina,4,7.422653533490303,1.5154824140614926,2007,2011,4,-43.403222,-18.270139,0.214937731077164,0.3289488543362672,-0.1011292094766675,0.1170301555405432,0.10375616551367574,0.5447141308995467,0.25499107925553377,0.011986541245370408,0.06396931925352412,0.04185242814550324,-0.08306486516902473,0.06832825598205143,0.2307120293265831,0.03536118350560649,-0.07091433815124876,0.019236851946331318,-0.32213676513046274,0.24175820843159102,-0.07453814183312249,0.09159538143025363,0.0122512015543873,0.053645829023651906,-0.04132123425500117,0.10564788366131923,-0.3314955750740981,0.1002638009825288,0.1752577289734628,1,0.8625972157376406,0.9909968684759917,0.9840437909342371,0.8982078607878592,1,269546.0362008087
Duas Bocas,5,7.144846132805787,1.1890167781969234,2007,2008,1,-40.5113888888889,-20.2811111111111,-0.31029094519209055,0.22053288115127026,-0.20125260125341823,0.14271553873322693,-0.30587783790186196,0.6335968891994486,0.23030210879530394,0.09711578635271828,0.09496080414591995,0.05137805783195093,-0.013331139390818005,0.06634556274510645,0.011263263992684137,0.025526812215203528,-0.11716068914529329,0.019025194997514157,-0.11965477465464139,0.13855226704279172,-0.23542836600081052,0.11590901835165487,0.05145199911530382,0.0675759968008373,-0.04220085837158614,0.13123275179489313,-0.1661064116453644,0.07869962778648895,0.10309278332144386,1,0.9426848771885842,0.9953027139874739,0.948425789861388,0.990597686219521,1,15091.659639441317
Felício,5,8.220702280129135,1.9392033692163941,2007,2011,4,-43.241278,-18.198528,0.06384316619354934,0.5759237888682093,0.25469447589422417,0.6235253543006075,0.28819732209102694,0.624476790718151,-0.180262819387503,0.0765330615514297,-0.1913110070135347,0.16931167892755083,-0.00619131733189682,0.14918992943637874,-0.07448577773092815,0.042991180526799844,0.06256272194726098,0.006185008647578108,0.0652586287316037,0.22213242607789585,-0.10499972039375499,0.27060474634278636,-0.398112122114865,0.03871141190319639,0.16719941779842942,0.16937685384435874,0.10411392216282087,0.16991511461208283,0.2474226746254818,1,0.8870466116774144,0.9606819763395964,0.9290945248316707,0.8866179113201931,1,276845.2657330846
Forno Grande,6,6.012632589308581,0.9462745881684591,2013,2014,1,-41.0838894,-20.5166672,0.4813073579660284,0.17463218617583404,0.6619980036102295,0.1619818160788404,-0.02946672551681257,0.19780702700158,0.0279488856070179,0.07130415294485354,-0.3074877413198546,0.04911366287730901,-0.06997182598601359,0.022955244423873488,0.013958157813310427,0.016831073529725966,-0.054376038048607675,0.05974911382358906,0.37301691962760786,0.03994645928109254,0.2796386356101374,0.06922856017473594,0.13581032143136365,0.05156371011012515,0.3235191198253705,0.16107971094165502,-0.11116053579183306,0.22213774169213749,0.12371134176772713,1,0.768232019441028,0.9765135699373695,0.9495533727711516,0.9805449923820746,1,50184.54877896461
Fragmentos,10,9.201371745101214,1.5541579816853142,1999,2002,3,-42.964722,-22.563333,-0.1638044985885237,0.19031266725082555,-0.19856370328446774,0.2409823065975558,-0.2908712190858654,0.49328809308429183,0.03403925010623638,0.11002727394018233,0.10173319462208605,0.07299363123135234,0.3026924764282246,0.08266135817346118,0.1478788954966894,0.04457825496219832,0.20373198440803286,0.03183856389460408,-0.09419299089570185,0.19461575391034158,-0.3858379981246474,0.21065461327034032,-0.11184435580810781,0.05821042211505756,-0.34971410933805164,0.08312026485351459,-0.24108464402781377,0.09537832493761712,0.23367696602463542,0.9829693448214908,0.9577508059552783,0.8674321503131524,0.9436451519778808,0.7267887907810237,0.9995,14236.864872956769
Grão Mogol,0,NA,NA,1989,1989,0,-42.889722,-16.559444,-1.77070942721355,NA,-1.66001186828932,NA,-1.0610066173311,NA,-0.139758459701845,NA,0.848153119917527,NA,-0.331774927247625,NA,0.28885229916915,NA,-0.0327830520512702,NA,NA,NA,-0.82575375267561,NA,-0.395659937243807,NA,-1.64687356880151,NA,NA,NA,0,0.8767782007672568,0.7904920238132005,0.569937369519833,0.9108954698714827,0.4818657558296339,0.9564000244140625,181803.4310715767
Guarapari,3,9.727978803746298,3.8944520663717195,2014,2015,1,-40.5444444444444,-20.5786111111111,0.34824443122226395,0.3971191611061351,0.3634057796063577,0.21741981773563596,0.3136140261625257,0.0015010734780136659,-0.27215511055244934,0.10977411782559741,-0.21388282043973686,0.08986238199130742,-0.20357794286432945,0.04408731765313622,-0.2983796925473173,0.09162208574369028,0.011509906423718873,0.02955528115900511,0.23314999172896472,0.09052384651046881,-0.008941747368701005,0.19946749244428674,-0.17294430340048803,0.137114101902964,0.12058279848501753,0.08579314244491072,-0.040596103168206006,0.13043000262904242,0.3711340163932089,1,0.9304083908770566,0.9802974947807933,0.9177418844645531,0.9738377319467325,1,6468.063851771856
Ibitipoca,1,NA,NA,1988,1988,0,-43.883333,-21.691667,-0.333114674945513,NA,-0.233727027328584,NA,0.0926979737021369,NA,0.328177657963458,NA,0.181661176486703,NA,0.0251368950707871,NA,0.169672119213891,NA,-0.118451292585726,NA,-0.283388117367668,NA,-0.037430708347987,NA,0.195759034506295,NA,-0.19326229081177,NA,0.330583543941035,NA,0.18556699928663195,1,0.8182890030175256,0.9973903966597077,1,0.888201337377005,1,132517.5083698794
Ilha Grande,6,5.968245499609062,1.0686468018079762,1976,2014,38,-44.188679,-23.1633277,-0.10447631357310062,0.023172499260488266,-0.10134718602252477,0.06435561143749159,0.0835546523538036,0.031798673350321986,0.021083404198489503,0.19985413968379256,0.04408607421956865,0.01653378620705444,-0.1222944051701457,0.06043817090165156,0.019972462262449496,0.09876327106702412,-0.270086419550507,0.01679050419458506,-0.17042016574727234,0.07270857621292547,-0.309861961188934,0.08806978548662889,-0.08181541835702319,0.021924399434154373,-0.38067645537356826,0.07707864152894714,-0.4007796744500025,0.057174804952903516,0.02061855621879015,0.9660388760820828,0.7143028890552171,0.5232254697286013,0.9470535915482674,0.5076760004609124,1,3323.8805087866986
Intervales,4,3.343694629794428,0.29651981236665836,1988,1988,0,-48.4166666667,-24.3333333333,0.0535770634818904,0.1797793042005476,-0.0418872336823242,0.0532508627069892,-0.31731708573276,0.16923536794074012,0.4081766244601544,0.012711521971503305,0.06362150047710395,0.01570999192573102,0.01379708958587416,0.009309588445656257,0.19013160528885664,0.027281760404603797,0.1444570686833483,0.01316653870173254,0.20322103853575935,0.18668980973565824,-0.15404061304313837,0.04295381754898923,0.2195408430582163,0.013010249431427964,-0.09805880558345868,0.06578498196011998,-0.17126336625281147,0.1057354972461248,0.02061855621879015,1,0.9139946910200303,0.9981732776617954,1,0.9796704070644054,1,4.2014208919189674e-4
Irapé,4,10.6881361522384,4.585713831346512,2006,2006,0,-42.574983,-16.737511,0.26379908674436076,0.4828667571642195,0.16718400132218925,0.37043701036715193,0.1286028706840955,0.22412706810472754,0.008722335884624247,0.17789061329849654,-0.08027493720732173,0.11018120606685347,-0.2933108855373801,0.08058469777531935,0.1550048698983117,0.03526036364843101,0.10789953348327602,0.044455448102377206,0.11754045392305926,0.17709207632880725,0.3040508823429845,0.06033154089414694,-0.031176698803005026,0.051353842546487914,0.2758760743908065,0.07134577541915026,-0.05757505727768579,0.25815399735712435,0,0.5277499254743099,0.7914744757783466,0.061586638830897704,1,0.3017884243140301,0.9687999877929687,219988.39289480547
Itacaré,1,NA,NA,1999,1999,0,-39.086944,-14.343611,0.839086039531608,NA,0.531669910972326,NA,0.721091704792578,NA,-0.343441538543528,NA,-0.362087598818185,NA,-0.209225410429559,NA,-0.745987409725068,NA,-0.146048296566206,NA,0.552874425056011,NA,0.231162862505407,NA,-0.621585504763992,NA,0.944854107638299,NA,0.820340624408205,NA,0.05154639166072193,0.9983971392648155,0.38565766223212117,0.8992693110647182,0.9609705106393424,0.8676222035689571,1,9026.281002405407
Jaíba,6,6.841156823558653,1.15105107556094,1990,1992,2,-43.760278,-15.068681,-0.8853931929155652,0.07161958290591944,-0.632712622233246,0.12538179175858197,-0.5661753605015665,0.12384749713351896,-0.355736347012376,0.16506029256666202,0.27184246493266184,0.04320364054569079,-0.6202198094396217,0.04554252987797125,-0.07181521463017701,0.01927966767253827,-0.037782338503197024,0.019356264411731064,-0.6099858640597567,0.008946975766052696,-0.35625429303726264,0.07354893796978779,-0.24776927399148774,0.01820129444287982,-0.49170061036147117,0.04999058099907742,-0.5871591141710981,0.4887455592686401,0,0.011220196400669902,0.7232586703145845,0.009133611691022964,0.7795151974348127,0.04709753362419609,0,1101.717043493564
Joaíma,2,21.819553427774796,36.622531675963,2005,2005,0,-41.249333,-16.718778,0.14010701041647552,0.4290397629053908,-0.014893298745636496,1.2320921148835084,-0.09928036722908101,0.16675154047082572,0.3003154216156635,0.02381881876874496,0.006351376854217494,0.23500937530935642,-0.022119934877555154,0.017029037851288644,0.055459380634411984,0.09927215427784644,0.20327731591837436,0.07095406266203991,0.2303963062121745,0.4813752522240732,0.129023620589175,1.0078721742048269,0.3379471661300062,0.21795399319660502,-0.0029585737484190133,0.42835084628378145,0.2862606199657455,6.03116418979981e-4,0.14432989130403792,1,0.8611611206083739,0.9895615866388309,0.9672796590715625,0.6984666369870876,1,212468.49913212896
Lagoa Santa,2,5.922908793110884,2.6985268131931,1992,1992,0,-43.839373,-19.70436,0.31326848163980286,0.10854558932285892,0.19302654313910267,0.05153649084513596,0.3233565579089585,0.0717946913141742,0.21702881030027982,0.027369828703701644,-0.09526811560751147,0.0049243287987718095,0.10942874571432193,0.053369154827325106,0.1250956399976949,0.016522508494316867,0.047374470491737396,0.005873457063181853,-0.15255650913399532,0.07054576782831011,0.12466893344614884,0.002932945820884751,-0.11959329540348257,0.02333718974551241,0.20587220079370755,0.18728479869147663,0.1521376605833959,0.24880903719566494,0.10309278332144386,0.6704067321335566,0.8443553558809049,0.23930062630480167,0.9197658640222266,0.4233947705055315,0.7767999877929688,329840.1123801471
Linhares,7,9.412903457941542,1.7945318269872095,1992,1992,0,-39.95,-19.133333,0.6180020571650212,0.32013046422452585,0.7846909416721384,0.1771578609854893,0.49759264139330395,0.4597742187870564,0.19445799009104048,0.027656756787562988,-0.41918178394014965,0.05063298633093606,-0.15817398980459052,0.12464602248355623,0.08991432696529367,0.04258751779572497,-0.017869963020803514,0.01062477525235196,0.6904805292750188,0.19812975746779588,0.7445593188340625,0.06607711537170771,0.22241767119847125,0.028749640989328605,0.6491707585275368,0.2134866805999117,0.22143188990093204,0.19406610450450185,0.1649484497503212,1,0.9142127697712118,0.9543319415448852,0.952349665029587,0.9673854967986228,1,1216.4781331294794
Mangaratiba,5,3.7267644122480754,0.33888385276023547,1993,2005,12,-44.03,-22.96,-0.554442093873307,0.042053430682940054,-0.5860989174837288,0.0595114890483014,-0.6096326463681518,0.19787713233577112,0.061820477014216155,0.09158556186506954,0.2806942450978532,0.024098256762458747,0.10060066686972272,0.029848358413602102,0.09008848885219217,0.051430631668955624,-0.01988208457491254,0.0028203281459249735,-0.39993023199389277,0.019912445441185523,-0.6382109679720955,0.019391088099212757,-0.1344049867879334,0.024428002393538355,-0.8507375281409576,0.04847064093397267,-0.551786596311966,0.07510796804648132,0.1288659746968186,0.5003005302972101,0.5613801985402274,0.27466075156576203,0.8401502754641322,0.36209185246797826,0.5124000091552734,2188.891303444991
Mariana,4,10.51401167810459,4.450296219928053,1996,2012,16,-43.470645,-20.202999,0.2161113451127364,0.20143593198809598,0.04907452418770833,0.3228672323633852,0.3869890301863572,0.03577861205269798,0.3691436608308805,0.01651893024066996,-0.01900237414619449,0.07583360251336206,-0.1693581425213196,0.037911561860727874,0.07552199464276009,0.015495520591773643,-0.0296594143478794,0.08931625748814355,0.14024535489996198,0.2585602122103557,0.04098054950488865,0.12244139950129307,-0.13612370962730805,0.1437251236034965,0.036180774755591234,0.20036800819230222,0.4475514997462517,0.1168571340171658,NA,NA,NA,NA,NA,NA,NA,263963.96786163916
Mata das Flores,3,12.62116121686185,6.0597595868210306,2013,2014,1,-41.181389,-20.598333,0.2850785285105316,0.27106011497189303,0.009550144584911427,0.2801756493692623,0.467659626122662,0.0914198346693334,-0.123785152003176,0.058058931477605186,0.0032394038293865426,0.06500502686789884,-0.02738063280040534,0.23142076206279008,-0.2592021360489013,0.0699349477987133,0.13094398773329802,0.03310293539168345,-0.11128855973413333,0.06994771938437268,-0.2757842756057033,0.3032849383073378,-0.1003857672949174,0.09445192609703458,0.049988801233576664,0.3729467219151873,0.07635405781666899,0.30691090820721983,0.3814433000713368,0.9995992542435951,0.9528508592650996,0.6132567849686847,0.9655196155567856,0.677105735620188,1,51983.56752841933
Mocambinho,9,27.396683180637417,37.716897041428325,NA,NA,NA,-43.995556,-15.071667,-0.6922814733687307,1.2539693139558439,-0.5848269977219723,1.6132296059340574,-0.8398781366623971,0.9679290374045084,-0.5403181438921264,0.2978898897639633,0.2764431241621671,0.38658982127737745,-0.2822307572593344,0.04251975851538915,0.0398441667604771,0.04983382679101041,0.13891459810431353,0.022340051188800874,-0.5167141030872318,0.882710129951425,-0.3708827054301096,0.43709440220693624,-0.24696161210793943,0.09805172644681379,-0.2799317748385733,0.6165156796937873,-0.24814752353647082,0.08336192864999496,0,0.0803446203605015,0.7034474912390022,0.004436325678496869,0.737284932897861,0.05347951088542302,0,17319.656205965533
Palmares,4,11.018897449143715,3.6961892433054193,2012,2012,0,-41.610444,-17.121556000000002,-0.042911655470716584,0.43521265023108346,0.12417962511946298,0.4083178533822459,0.0698517941956915,0.3012653602679565,0.05408684654546995,0.24635271844127246,-0.0323834308616594,0.09574211955676827,-0.02694658329145526,0.012880504930330296,-0.0756355561961188,0.10376832287375054,0.062340942144045085,0.017971200674172006,0.2632913041755074,0.10860780261517006,0.037673029426536324,0.03766300264647352,0.2618922964155798,0.03794857239796331,-0.08379012591153692,0.2291637862186906,0.1892391990390408,0.10777687009747734,0.19587628296475984,1,0.9076897852851571,0.9624217118997912,0.9659548375632179,0.6013157135884419,1,235646.70021758293
Pancas,6,7.133017133599286,0.9135427494010672,2006,2009,3,-40.7713888888889,-19.2044444444444,-0.26220266893205557,0.11577526115568984,-0.014241605634561163,0.10473208385873556,-0.3760910035586685,0.3402538833827411,0.03872859171017535,0.13181748410019717,0.006950418951221234,0.022939909256822977,-0.3067595654736092,0.115666322532608,-0.044639263462150074,0.058444984562315117,0.08231042873152981,0.037798649862267254,-0.023021862784198842,0.0718610819621188,0.05809879874295487,0.17635666530316851,0.11396929813141768,0.13493083292479213,5.027128250304699e-5,0.08966146828508885,0.2683006823224006,0.1937332503273333,0.37113400748323644,0.9990983679070021,0.9529617027169034,0.5711769311064718,0.97061262530881,0.5785816071612986,1,81365.16471679279
Pau Brasil,2,5.7659813122627845,2.557426191797212,NA,NA,NA,-39.177778000000004,-16.371944,-0.8095166227205259,0.013151725595463699,-0.5254809531751761,0.07169453033927942,-0.9775890892385299,0.5930385914783077,-0.7520626305411016,0.09201635775393442,0.22166706592778052,0.004809994207493313,-0.21232477428409258,0.1663662581762669,-0.0029824292493449978,0.03625724025136274,-0.270045920635379,0.0324919569362136,-0.6845728813428845,0.016143625391959484,-0.3255324929752685,0.050968796774697914,-0.10256918460685896,0.002362274189229407,-0.47505443421247395,0.0044078341855931695,-0.3664637288350155,0.05614596210948049,0.1649484497503212,0.7892205726267163,0.5830781637844846,0.8890918580375783,0.8577070433491262,0.8410708997455916,0.9937999877929687,12629.555630892537
Peão,2,5.804282217201347,2.591514773609215,2008,2008,0,-42.0144,-15.3136,-0.34002133348110236,0.10580282629453507,-0.3130880174404959,0.1734309138904442,-0.34671192662447414,0.36728582644670893,0.17121923617628892,0.04351629813918069,0.19144105617890625,0.0380394172818592,-0.3229142077446215,0.06270603522864127,-0.10251952927811203,0.007768558342300497,-0.036704158802404,0.009752170891891664,-0.27452307880830684,0.061627367472356594,-0.03968651021453472,0.19910622351244683,0.23752861336499453,0.05439508260998888,-0.04258488688719529,0.09300396116778895,0.64245553792804,0.31670771287619254,0.010309278109395074,0.4151472773341206,0.7217270474574485,0.4089248434237996,1,0.09824936995672529,0.9205999755859375,158276.2047103909
Pedra Azul,5,6.750044103269197,1.7522918861916799,2003,2003,0,-40.9666666666667,-20.4,0.036163304879983205,0.15804037975049204,0.132318789813543,0.22010885786041495,0.12849671605711635,0.04412785659926969,0.11069034131137775,0.1111296271975798,-0.10360864125294941,0.0832566777782595,-0.19054552142536738,0.09402474693843547,-0.013668279512154845,0.02450685671421456,-0.30059111647539527,0.03775730184811232,0.056129954753986,0.12527052965811308,0.04018158935798701,0.1005620125823169,-0.06338000849211974,0.023407224665079784,-0.2774094252227521,0.05411424654707605,0.27034865252616963,0.048081092658052625,0.18556699928663195,1,0.8610792937669899,0.9603340292275574,1,0.9479663167163747,1,54268.371272875345
Peti,18,8.306256781874353,0.7732782745953888,1986,2002,16,-43.368611,-19.899167,0.24677794780354842,0.17098384077793544,0.08833385649008565,0.22233320361153522,0.4000829224239427,0.5070085243798661,0.3709382104747642,0.061398734915087405,-0.009124258451912705,0.060606381049455614,0.08625022159681645,0.11689188546472139,0.0286468651786728,0.061899099180806764,0.14251597194391266,0.02580315878569331,-0.09376815295428714,0.060406979149264343,0.08995661241387,0.07219963966761055,0.044948405081994436,0.06005419782051051,0.12614645867810217,0.18919972671358473,0.5726636304066568,0.16729328434769436,0.14432989130403792,0.9997996271217975,0.9135660273727059,0.8342901878914405,1,0.6987405596600267,1,278748.98456441035
Regua,3,6.266088748711262,1.5083839472195575,2004,2004,0,-42.733333,-22.4,0.06838237830302518,0.15869982642121594,-0.29219403198604504,0.05854239922516929,0.8021820042420557,0.02902090693165873,-0.32068646200115436,0.03212125600372442,0.10999606395188023,0.014887752288739233,0.0083778637699843,0.02857380068681955,-0.1154346767526409,0.051756844996292295,0.15967626061220966,0.0022312419792767956,0.08771854385240155,0.16568866303443702,-0.45939317572610067,0.1786155028177455,-0.17674592089470662,0.07331614626672059,-0.3418653296366364,0.14504914741337213,0.14394698731488265,0.27202682521200744,0.14432989130403792,1,0.9878974241122279,0.9989561586638831,1,0.9790457202984144,1,32747.938703664924
Reserva Vale,5,11.068959959225518,3.6454075411603157,1993,2011,18,-40.166667,-19.166667,-0.09515827536858316,0.32845620664332104,-0.07323614854947116,0.15721840828427422,0.2806130016561198,0.401391735572432,-0.2151129318737247,0.12200843179751558,0.03447708934559567,0.024982679496881217,0.10767678506367633,0.12786357517069719,-0.14426771031811958,0.1709070531189501,-0.13720111140244817,0.031622068564957494,-0.11642768797364667,0.028569770645044883,0.04251605305197871,0.16385857270463416,0.24692906452025512,0.13745169838225918,-0.11635748912779298,0.13914956360312086,-0.06866733700603701,0.3303743786590172,NA,NA,NA,NA,NA,NA,NA,21898.102611542872
Rio Doce,8,10.161318356259772,2.086471189554322,NA,NA,NA,-42.65,-19.716667,-0.2977611288768243,0.3064742555532848,-0.0915522194386007,0.23993203235677504,0.16234983865471178,0.3741903475662674,0.08315606771281901,0.24523740571215946,0.00462540096064803,0.05386906325532366,-0.2085323998100556,0.06431032617073729,0.11274599156040624,0.03657770102477395,-0.14974351010916442,0.03726839644297061,0.057992270266207124,0.05894247892217244,-0.06136422098814133,0.19362072627900945,-0.07709939766736394,0.09374558310802032,-0.0535309393918561,0.1269736757025175,0.3288099556060677,0.19703649828358852,0.29896906628620373,0.9979963935084106,0.9363024592561372,0.08481210855949896,1,0.3902363564297482,1,233896.67288208377
Rio Preto,11,8.410634488616562,1.486770778101976,2009,2015,6,-39.8225,-18.3552777777778,-0.09481067142223401,0.2838870315843738,0.286040591537423,0.18608489227512887,-0.3852305004913049,0.7183175820814508,-0.13260315782429782,0.01648179935422108,-0.13395278515772624,0.04730079686348596,-0.1630144428660154,0.10406213488418473,-0.2309144758232927,0.021110372267548916,0.047089903086372106,0.02136496701438152,0.3080149692372208,0.17070781670603857,0.19327430210761629,0.134459033224008,0.15967353649791144,0.02541972372931648,0.19253501453324345,0.1868623879309849,0.1141178682634378,0.10429413872116094,0.07216494787951208,0.9681426690127732,0.8082562450305901,0.9442849686847599,0.9447956981889096,0.8185616692276962,1,13791.299107411942
Rosemary,9,7.9955294325218755,1.0186786408289814,NA,NA,NA,-42.860578,-22.530958,-0.3900383361042555,0.24009191101118957,-0.30932253953483263,0.156878454013634,-0.04718262095169887,0.1752671621463084,-0.007917200522897645,0.16816612575725373,0.16053365263104025,0.04627356632797814,0.23396075757798257,0.018548323601298104,0.05659084211748572,0.04105379235676356,0.04425678846696487,0.02777802702784422,-0.19578040431788302,0.22247933686097487,-0.429469102220527,0.15361088509635046,-0.20258356901807334,0.06528234855380739,-0.45223772952865837,0.1380323139607868,-0.033527259949923005,0.18726303606915343,0.2164948380698034,0.9916850452889479,0.9565990168364971,0.9522442588726514,0.9270842529131548,0.873858057689406,1,23332.997856558926
Santa Leopoldina,1,NA,NA,2008,2008,0,-40.6144,-20.13924,0.4116418981939842,0.3467988242613779,0.40238704424835353,0.4278306433825459,-0.00963386907170261,NA,0.39530371667124053,0.057759546510863194,-0.14277519739786748,0.12090556999291023,0.1879757907630615,0.0043838235709392145,0.15899620703227252,2.6023354860413907e-4,-0.07129721112847895,0.01387936747994915,0.26821097134351246,0.3551167699617692,0.1817475331713501,0.1422270077159771,0.365018797834219,0.001989863391578837,0.04769517133582851,0.22254683359694166,0.1122233652788891,0.006956825503843405,0.47422679971465276,1,0.9483536378957134,0.975991649269311,1,0.9291570989386994,1,29615.55314912885
Santa Lúcia,15,10.198499343336646,1.7377871706096153,2003,2012,9,-40.5272222222222,-19.965,-0.043108335789937835,0.33161041509789685,0.040699760987016255,0.29319534787658785,-0.2712047338943984,0.45826477887624245,0.13365970323954016,0.10924258639297871,-0.07047424642801245,0.07583269131508963,-0.014338177721263203,0.054903841810329805,0.03815693725102642,0.057859150648516745,-0.17050491344668056,0.06097864787918542,-0.07389268057008293,0.1846966521890975,0.046164625887057095,0.18728891820830745,-0.021106589809209556,0.03549340874511759,0.018082045330569473,0.19889572745568812,0.05097248232116117,0.18272447363571817,0.4329896828220863,1,0.948997428169507,0.992562630480167,0.984641255597076,0.9805784353895869,1,29765.275407859426
Serra,4,11.620067497279072,6.192902389317252,2013,2013,0,-40.314473,-20.15841,-0.6077272285350498,0.24109345466915758,-0.3128727391929893,0.30554331457038564,-0.5141507256678736,0.3485958953749363,-0.027682330951376302,0.03983362132323251,0.12961742684925254,0.052275561723394065,0.07990246369609624,0.0247869229936118,-0.1809770531903345,0.07632116801422568,0.08093635348231673,0.1086901570682043,-0.28852017807838476,0.13012067928931206,-0.28246316935408156,0.06255058960316756,-0.05540591585639365,0.031816910931756884,-0.4562425253898443,0.20566992459377464,0.12373766885290674,0.5258142455269085,0.3711339985732639,0.9843718938236904,0.9262978599972265,0.651356993736952,1,0.6043521717535836,1,1180.9745020757052
Serra da Onça,2,2.3811352820092098,0.43613886394069806,1983,1983,0,-44.730833,-17.598056,-0.6153195841316015,0.01608165911848272,-0.2349282817592806,0.062206967125002996,-0.5179664927766705,1.9104285635432254e-4,-0.21076572912144448,0.023196532344262468,0.13687393087022154,0.011819192853414227,0.014384108268987297,0.0134165645544064,-0.07785589760353595,7.430628741213893e-4,0.10700352266871435,0.0033310472171073245,-0.12244112730664751,0.2197487367238755,-0.010348104378191,0.00165460513554947,0.09014574862437084,0.03647164112528363,0.246900321737558,0.027403553040472785,0.8174732846822595,0.05074719194073444,0.02061855621879015,0.002203967188517955,0.8022217993366652,0.0018267223382045928,0.8855979689187359,0.08757817422321543,0,115349.78140536313
Serra dos Órgãos,32,12.529970442512786,1.5147873943706813,NA,NA,NA,-42.993333,-22.474444,-0.4007690765936953,0.2829288386839306,-0.3496164766085553,0.22027929409353636,-0.10752468456040017,0.4312651452132704,-0.01393132051365443,0.287923531414448,0.18629429392104227,0.058455440746180164,0.09294667257725038,0.07662121697489813,-0.04820944326942877,0.12212234378223663,0.010370421848040164,0.04714191074845301,-0.24495225323574932,0.1991187506361578,-0.5018737557573332,0.12394170452418854,-0.1758294979724115,0.060855197313501794,-0.478194542066336,0.19059809644833428,-0.22533416177843602,0.11434584672803212,0.1237113380552386,0.9998998135608987,0.794308061329104,0.9955636743215032,0.9186442947280677,0.8376483467284218,1,22705.0883592085
Sete Lagoas,2,8.113287838731253,5.063495350315726,NA,NA,NA,-44.246667,-19.465833,0.07844651579088352,0.49254370162214156,-0.267989915480765,0.3480557608705536,0.162113292883477,0.006404594392900149,0.359653411815379,0.007458641730023827,0.16195141835758886,0.10831780820642335,-0.2211354692582185,0.07179377998779685,0.13554174744868044,0.020853354465011357,0.026983208083954997,0.03760055949069478,-0.2781185425007706,0.09650685743891405,-0.08174645059090035,0.03685537698948186,0.0898473660798549,0.0011450738083081682,-0.007178226255238007,0.4900428381318599,0.7397970320993754,0.0018887142308435104,0.02061855621879015,0.20016029467206467,0.6983103400666,0.03627348643006263,0.8631607616743779,0.12510375476149596,0.1911999969482422,293760.94607846433
Sooretama,6,8.912162430948054,1.9544872336997017,2011,2011,0,-40.14527,-19.05555,0.2918822075216825,0.3284982507207755,0.42455089982862976,0.1800110918515865,0.579283797274289,1.029256320944874,0.21262204905330134,0.06251929652936568,-0.18784353694938866,0.05224554074630087,-0.026465582938393736,0.11105230588273403,-0.11453434862996315,0.029362489287459114,-0.07917831748322078,0.014622606067792537,0.44940645812281527,0.09225241427246049,0.47803138073481194,0.14559513003975336,0.2857365638318778,0.018615198090626887,0.1881435620221512,0.1132920014873776,0.08829541795346356,0.08850921402729682,0.1649484497503212,0.9995992542435951,0.939980503865618,0.8053235908141962,0.9451158796827559,0.7428866410667008,1,23396.671368623345
Una,3,4.837847200575468,0.94349624248207975,1997,1999,2,-39.1054,-15.1786,0.2536322236251151,0.2000644912669645,0.09368123964132782,0.11520526812085669,0.041478208844389894,0.015237268791733238,0.1706576207530493,0.0627799719220035,-0.0391521263756791,0.0256808203533939,0.15318009338538308,0.062204422379910175,0.044990355221989006,0.04418933390642224,0.03634858228875989,0.040396885428170486,0.08643407351460405,0.10622341039080554,0.11881800022413008,0.11526537251752934,0.2792522288333352,0.08791692631999713,0.13013010143208067,0.06964866091463669,-0.35586351446304937,0.12384218895777126,0.010309278109395074,0.9895812523582572,0.4776759950779754,0.9645093945720251,0.9742521998214175,0.9302260829150093,1,11716.58542321467
Viana,10,11.575328883476372,1.9613633955150915,1982,2007,25,-40.4944444444444,-20.3494444444444,-0.19769098629413825,0.45107593391675255,-0.3003208837056469,0.1893029104195726,-0.5020633122007752,0.97344002692106,0.2891834397875721,0.1321872944534874,0.10259584592537517,0.05762147225156909,-0.15089061129305503,0.09418174138528311,0.12536129995202858,0.07808724479268625,0.1659688461862394,0.02691868793151151,-0.19400995996209786,0.16280893529708618,-0.09596136299007685,0.17326399715863353,-0.15451945334763012,0.076102312213534,-0.19143736793364427,0.1555130801363706,0.15018011563971673,0.13690921041425752,0.19931271085746916,0.997862811589609,0.9171968884504605,0.5115692414752957,0.9434757503950887,0.6683765542695831,1,10916.632481466986
Virgem da Lapa,2,5.330915713023002,2.1860509491811957,1987,1987,0,-42.216667,-16.833333,-0.49650034011781374,0.5598566894665828,-0.17896289572158589,0.039589249660102736,-1.0887340134543695,0.7479963707833795,0.2461927827201035,0.02619212010702742,0.1343473848537895,0.011430318724854574,-0.2626920578303605,0.014924257571080325,-0.019626648189720354,0.027805353796078666,-0.14290799535068455,0.009506074570957146,-0.23324069541446954,0.12489410494712179,-0.012806838358299003,0.07284561531489915,0.13392267903556548,0.014659018219844534,0.0032448137136444483,0.011218883055021797,0.387866134632028,0.018188292303945554,0.06185567088386357,0.9749549188551335,0.829600863655439,0.020615866388308975,1,0.22509904767830224,1,255478.16751296105
